<?xml version="1.0" encoding='UTF-8'?>
<df_world>
<regions>
	<region>
		<id>0</id>
		<name>the chartreuse waters</name>
		<type>Ocean</type>
	</region>
	<region>
		<id>1</id>
		<name>the weathered frilly-hills</name>
		<type>Hills</type>
	</region>
	<region>
		<id>2</id>
		<name>the cooperative hills</name>
		<type>Hills</type>
	</region>
	<region>
		<id>3</id>
		<name>the dunes of proliferating</name>
		<type>Desert</type>
	</region>
	<region>
		<id>4</id>
		<name>the stable hill</name>
		<type>Hills</type>
	</region>
	<region>
		<id>5</id>
		<name>the hills of exiting</name>
		<type>Hills</type>
	</region>
	<region>
		<id>6</id>
		<name>the desert of obeisance</name>
		<type>Desert</type>
	</region>
	<region>
		<id>7</id>
		<name>the everseeing desert</name>
		<type>Desert</type>
	</region>
	<region>
		<id>8</id>
		<name>the decent dune</name>
		<type>Desert</type>
	</region>
	<region>
		<id>9</id>
		<name>the flickering hill</name>
		<type>Hills</type>
	</region>
	<region>
		<id>10</id>
		<name>the teal hills</name>
		<type>Hills</type>
	</region>
	<region>
		<id>11</id>
		<name>the beautiful dune</name>
		<type>Desert</type>
	</region>
	<region>
		<id>12</id>
		<name>the mauve hill</name>
		<type>Hills</type>
	</region>
	<region>
		<id>13</id>
		<name>the steppe of delight</name>
		<type>Grassland</type>
	</region>
	<region>
		<id>14</id>
		<name>the hills of muting</name>
		<type>Hills</type>
	</region>
	<region>
		<id>15</id>
		<name>the forest of crews</name>
		<type>Forest</type>
	</region>
	<region>
		<id>16</id>
		<name>the lauded desert</name>
		<type>Desert</type>
	</region>
	<region>
		<id>17</id>
		<name>the slick dune</name>
		<type>Desert</type>
	</region>
	<region>
		<id>18</id>
		<name>the hill of numbers</name>
		<type>Hills</type>
	</region>
	<region>
		<id>19</id>
		<name>the entangled mire</name>
		<type>Wetland</type>
	</region>
	<region>
		<id>20</id>
		<name>the horn of sourness</name>
		<type>Mountains</type>
	</region>
	<region>
		<id>21</id>
		<name>the held dunes</name>
		<type>Desert</type>
	</region>
	<region>
		<id>22</id>
		<name>the praised dune</name>
		<type>Desert</type>
	</region>
	<region>
		<id>23</id>
		<name>the desert of wilting</name>
		<type>Desert</type>
	</region>
	<region>
		<id>24</id>
		<name>the forest of fellowships</name>
		<type>Forest</type>
	</region>
	<region>
		<id>25</id>
		<name>the desert of burials</name>
		<type>Desert</type>
	</region>
	<region>
		<id>26</id>
		<name>the jungles of culmination</name>
		<type>Forest</type>
	</region>
	<region>
		<id>27</id>
		<name>the north jungles</name>
		<type>Forest</type>
	</region>
	<region>
		<id>28</id>
		<name>the swamp of worship</name>
		<type>Wetland</type>
	</region>
	<region>
		<id>29</id>
		<name>the riddled prairie</name>
		<type>Grassland</type>
	</region>
	<region>
		<id>30</id>
		<name>the dune of symmetry</name>
		<type>Desert</type>
	</region>
	<region>
		<id>31</id>
		<name>the sizzling dunes</name>
		<type>Desert</type>
	</region>
	<region>
		<id>32</id>
		<name>the forests of disemboweling</name>
		<type>Forest</type>
	</region>
	<region>
		<id>33</id>
		<name>the dunes of helping</name>
		<type>Desert</type>
	</region>
	<region>
		<id>34</id>
		<name>the tactical mire</name>
		<type>Wetland</type>
	</region>
	<region>
		<id>35</id>
		<name>the flickering steppe</name>
		<type>Grassland</type>
	</region>
	<region>
		<id>36</id>
		<name>the hill of palisades</name>
		<type>Hills</type>
	</region>
	<region>
		<id>37</id>
		<name>the yawning plain</name>
		<type>Grassland</type>
	</region>
	<region>
		<id>38</id>
		<name>the hungry towers</name>
		<type>Mountains</type>
	</region>
	<region>
		<id>39</id>
		<name>the equal plains</name>
		<type>Grassland</type>
	</region>
	<region>
		<id>40</id>
		<name>the hills of inching</name>
		<type>Hills</type>
	</region>
	<region>
		<id>41</id>
		<name>the jungles of listening</name>
		<type>Forest</type>
	</region>
	<region>
		<id>42</id>
		<name>the coastal prairie</name>
		<type>Grassland</type>
	</region>
	<region>
		<id>43</id>
		<name>the wooden dune</name>
		<type>Desert</type>
	</region>
	<region>
		<id>44</id>
		<name>the forest of towns</name>
		<type>Forest</type>
	</region>
	<region>
		<id>45</id>
		<name>the silky jungle</name>
		<type>Forest</type>
	</region>
	<region>
		<id>46</id>
		<name>the execution-desert of swamps</name>
		<type>Desert</type>
	</region>
	<region>
		<id>47</id>
		<name>the polished forest</name>
		<type>Forest</type>
	</region>
	<region>
		<id>48</id>
		<name>the hills of satin</name>
		<type>Hills</type>
	</region>
	<region>
		<id>49</id>
		<name>the shaken desert</name>
		<type>Desert</type>
	</region>
	<region>
		<id>50</id>
		<name>the ambiguous jungle</name>
		<type>Forest</type>
	</region>
	<region>
		<id>51</id>
		<name>the wet jungles</name>
		<type>Forest</type>
	</region>
	<region>
		<id>52</id>
		<name>the desert of banners</name>
		<type>Desert</type>
	</region>
	<region>
		<id>53</id>
		<name>the dune of worlds</name>
		<type>Desert</type>
	</region>
	<region>
		<id>54</id>
		<name>the hill of crafts</name>
		<type>Hills</type>
	</region>
	<region>
		<id>55</id>
		<name>the comedic hills of working</name>
		<type>Hills</type>
	</region>
	<region>
		<id>56</id>
		<name>the hill of kings</name>
		<type>Hills</type>
	</region>
	<region>
		<id>57</id>
		<name>the jungle of style</name>
		<type>Forest</type>
	</region>
	<region>
		<id>58</id>
		<name>the superior hills</name>
		<type>Hills</type>
	</region>
	<region>
		<id>59</id>
		<name>the forest of passages</name>
		<type>Forest</type>
	</region>
	<region>
		<id>60</id>
		<name>the unbridled jungle</name>
		<type>Forest</type>
	</region>
	<region>
		<id>61</id>
		<name>the hills of breaching</name>
		<type>Hills</type>
	</region>
	<region>
		<id>62</id>
		<name>the hill of chains</name>
		<type>Hills</type>
	</region>
	<region>
		<id>63</id>
		<name>the decisive jungle</name>
		<type>Forest</type>
	</region>
	<region>
		<id>64</id>
		<name>the fleshy swamp</name>
		<type>Wetland</type>
	</region>
	<region>
		<id>65</id>
		<name>the hills of showering</name>
		<type>Hills</type>
	</region>
	<region>
		<id>66</id>
		<name>the kindled forest</name>
		<type>Forest</type>
	</region>
	<region>
		<id>67</id>
		<name>the kind hill</name>
		<type>Hills</type>
	</region>
	<region>
		<id>68</id>
		<name>the hill of racing</name>
		<type>Hills</type>
	</region>
	<region>
		<id>69</id>
		<name>the grizzly hills</name>
		<type>Hills</type>
	</region>
	<region>
		<id>70</id>
		<name>the sienna blizzards</name>
		<type>Glacier</type>
	</region>
</regions>
<underground_regions>
	<underground_region>
		<id>0</id>
		<type>cavern</type>
		<depth>1</depth>
	</underground_region>
	<underground_region>
		<id>1</id>
		<type>cavern</type>
		<depth>1</depth>
	</underground_region>
	<underground_region>
		<id>2</id>
		<type>cavern</type>
		<depth>1</depth>
	</underground_region>
	<underground_region>
		<id>3</id>
		<type>cavern</type>
		<depth>1</depth>
	</underground_region>
	<underground_region>
		<id>4</id>
		<type>cavern</type>
		<depth>1</depth>
	</underground_region>
	<underground_region>
		<id>5</id>
		<type>cavern</type>
		<depth>1</depth>
	</underground_region>
	<underground_region>
		<id>6</id>
		<type>cavern</type>
		<depth>1</depth>
	</underground_region>
	<underground_region>
		<id>7</id>
		<type>cavern</type>
		<depth>1</depth>
	</underground_region>
	<underground_region>
		<id>8</id>
		<type>cavern</type>
		<depth>1</depth>
	</underground_region>
	<underground_region>
		<id>9</id>
		<type>cavern</type>
		<depth>2</depth>
	</underground_region>
	<underground_region>
		<id>10</id>
		<type>cavern</type>
		<depth>2</depth>
	</underground_region>
	<underground_region>
		<id>11</id>
		<type>cavern</type>
		<depth>2</depth>
	</underground_region>
	<underground_region>
		<id>12</id>
		<type>cavern</type>
		<depth>2</depth>
	</underground_region>
	<underground_region>
		<id>13</id>
		<type>cavern</type>
		<depth>2</depth>
	</underground_region>
	<underground_region>
		<id>14</id>
		<type>cavern</type>
		<depth>2</depth>
	</underground_region>
	<underground_region>
		<id>15</id>
		<type>cavern</type>
		<depth>2</depth>
	</underground_region>
	<underground_region>
		<id>16</id>
		<type>cavern</type>
		<depth>2</depth>
	</underground_region>
	<underground_region>
		<id>17</id>
		<type>cavern</type>
		<depth>2</depth>
	</underground_region>
	<underground_region>
		<id>18</id>
		<type>cavern</type>
		<depth>3</depth>
	</underground_region>
	<underground_region>
		<id>19</id>
		<type>cavern</type>
		<depth>3</depth>
	</underground_region>
	<underground_region>
		<id>20</id>
		<type>cavern</type>
		<depth>3</depth>
	</underground_region>
	<underground_region>
		<id>21</id>
		<type>cavern</type>
		<depth>3</depth>
	</underground_region>
	<underground_region>
		<id>22</id>
		<type>cavern</type>
		<depth>3</depth>
	</underground_region>
	<underground_region>
		<id>23</id>
		<type>cavern</type>
		<depth>3</depth>
	</underground_region>
	<underground_region>
		<id>24</id>
		<type>cavern</type>
		<depth>3</depth>
	</underground_region>
	<underground_region>
		<id>25</id>
		<type>cavern</type>
		<depth>3</depth>
	</underground_region>
	<underground_region>
		<id>26</id>
		<type>cavern</type>
		<depth>3</depth>
	</underground_region>
	<underground_region>
		<id>27</id>
		<type>magma</type>
		<depth>4</depth>
	</underground_region>
	<underground_region>
		<id>28</id>
		<type>magma</type>
		<depth>4</depth>
	</underground_region>
	<underground_region>
		<id>29</id>
		<type>magma</type>
		<depth>4</depth>
	</underground_region>
	<underground_region>
		<id>30</id>
		<type>magma</type>
		<depth>4</depth>
	</underground_region>
	<underground_region>
		<id>31</id>
		<type>magma</type>
		<depth>4</depth>
	</underground_region>
	<underground_region>
		<id>32</id>
		<type>magma</type>
		<depth>4</depth>
	</underground_region>
	<underground_region>
		<id>33</id>
		<type>magma</type>
		<depth>4</depth>
	</underground_region>
	<underground_region>
		<id>34</id>
		<type>magma</type>
		<depth>4</depth>
	</underground_region>
	<underground_region>
		<id>35</id>
		<type>magma</type>
		<depth>4</depth>
	</underground_region>
	<underground_region>
		<id>36</id>
		<type>underworld</type>
		<depth>5</depth>
	</underground_region>
	<underground_region>
		<id>37</id>
		<type>underworld</type>
		<depth>5</depth>
	</underground_region>
	<underground_region>
		<id>38</id>
		<type>underworld</type>
		<depth>5</depth>
	</underground_region>
	<underground_region>
		<id>39</id>
		<type>underworld</type>
		<depth>5</depth>
	</underground_region>
	<underground_region>
		<id>40</id>
		<type>underworld</type>
		<depth>5</depth>
	</underground_region>
	<underground_region>
		<id>41</id>
		<type>underworld</type>
		<depth>5</depth>
	</underground_region>
	<underground_region>
		<id>42</id>
		<type>underworld</type>
		<depth>5</depth>
	</underground_region>
	<underground_region>
		<id>43</id>
		<type>underworld</type>
		<depth>5</depth>
	</underground_region>
	<underground_region>
		<id>44</id>
		<type>underworld</type>
		<depth>5</depth>
	</underground_region>
</underground_regions>
<sites>
	<site>
		<id>1</id>
		<type>cave</type>
		<name>the fair pit</name>
		<coords>7,12</coords>
	</site>
	<site>
		<id>2</id>
		<type>cave</type>
		<name>glumcaves the idle shafts</name>
		<coords>17,16</coords>
	</site>
	<site>
		<id>3</id>
		<type>cave</type>
		<name>wastedshaft the special amazements</name>
		<coords>30,2</coords>
	</site>
	<site>
		<id>4</id>
		<type>cave</type>
		<name>eelcaves the taupe page</name>
		<coords>29,29</coords>
	</site>
	<site>
		<id>5</id>
		<type>cave</type>
		<name>drillabyss the amusing murk</name>
		<coords>4,29</coords>
	</site>
	<site>
		<id>6</id>
		<type>fortress</type>
		<name>roomaxes</name>
		<coords>13,12</coords>
	</site>
	<site>
		<id>7</id>
		<type>forest retreat</type>
		<name>torridbeach</name>
		<coords>29,23</coords>
		<structures>
		</structures>
	</site>
	<site>
		<id>8</id>
		<type>dark fortress</type>
		<name>locknightmares</name>
		<coords>24,2</coords>
		<structures>
		</structures>
	</site>
	<site>
		<id>9</id>
		<type>town</type>
		<name>rayscolors</name>
		<coords>5,5</coords>
		<structures>
		</structures>
	</site>
	<site>
		<id>10</id>
		<type>hamlet</type>
		<name>takemules</name>
		<coords>20,20</coords>
		<structures>
		</structures>
	</site>
	<site>
		<id>11</id>
		<type>forest retreat</type>
		<name>stabletail</name>
		<coords>27,13</coords>
		<structures>
		</structures>
	</site>
	<site>
		<id>12</id>
		<type>fortress</type>
		<name>scaldpaddles</name>
		<coords>8,19</coords>
	</site>
	<site>
		<id>13</id>
		<type>dark fortress</type>
		<name>sprinklehated</name>
		<coords>20,8</coords>
		<structures>
		</structures>
	</site>
	<site>
		<id>14</id>
		<type>vault</type>
		<name>blazerampart</name>
		<coords>13,9</coords>
	</site>
	<site>
		<id>15</id>
		<type>vault</type>
		<name>acewarded</name>
		<coords>26,27</coords>
	</site>
	<site>
		<id>16</id>
		<type>hamlet</type>
		<name>bunnyskins</name>
		<coords>5,4</coords>
		<structures>
		</structures>
	</site>
	<site>
		<id>17</id>
		<type>hamlet</type>
		<name>cyclonewords</name>
		<coords>20,19</coords>
		<structures>
		</structures>
	</site>
	<site>
		<id>18</id>
		<type>forest retreat</type>
		<name>peakwood</name>
		<coords>29,22</coords>
	</site>
	<site>
		<id>19</id>
		<type>dark pits</type>
		<name>playmalign</name>
		<coords>23,3</coords>
	</site>
	<site>
		<id>20</id>
		<type>hillocks</type>
		<name>torridmines</name>
		<coords>7,18</coords>
	</site>
	<site>
		<id>21</id>
		<type>dark pits</type>
		<name>drinkhates</name>
		<coords>19,9</coords>
	</site>
	<site>
		<id>22</id>
		<type>forest retreat</type>
		<name>geniusheather</name>
		<coords>28,14</coords>
	</site>
	<site>
		<id>23</id>
		<type>hillocks</type>
		<name>rosestaff</name>
		<coords>10,19</coords>
	</site>
	<site>
		<id>24</id>
		<type>dark pits</type>
		<name>seducedghosts</name>
		<coords>20,6</coords>
	</site>
	<site>
		<id>25</id>
		<type>hillocks</type>
		<name>gemwheeled</name>
		<coords>12,14</coords>
	</site>
	<site>
		<id>26</id>
		<type>hamlet</type>
		<name>columndonkey</name>
		<coords>19,20</coords>
		<structures>
		</structures>
	</site>
	<site>
		<id>27</id>
		<type>hillocks</type>
		<name>washshield</name>
		<coords>8,20</coords>
	</site>
	<site>
		<id>28</id>
		<type>forest retreat</type>
		<name>adoredkisses</name>
		<coords>29,21</coords>
	</site>
	<site>
		<id>29</id>
		<type>hamlet</type>
		<name>naturemirrored</name>
		<coords>4,7</coords>
		<structures>
		</structures>
	</site>
	<site>
		<id>30</id>
		<type>dark pits</type>
		<name>flytrailed</name>
		<coords>25,5</coords>
	</site>
	<site>
		<id>31</id>
		<type>hillocks</type>
		<name>shoreworked</name>
		<coords>11,14</coords>
	</site>
	<site>
		<id>32</id>
		<type>hillocks</type>
		<name>bronzestroke</name>
		<coords>15,10</coords>
	</site>
	<site>
		<id>33</id>
		<type>forest retreat</type>
		<name>brimembrace</name>
		<coords>28,19</coords>
	</site>
	<site>
		<id>34</id>
		<type>dark pits</type>
		<name>autumnalwicked</name>
		<coords>24,6</coords>
	</site>
	<site>
		<id>35</id>
		<type>hamlet</type>
		<name>nutstapered</name>
		<coords>3,13</coords>
		<structures>
		</structures>
	</site>
	<site>
		<id>36</id>
		<type>hillocks</type>
		<name>drilledtrumpet</name>
		<coords>9,20</coords>
	</site>
	<site>
		<id>37</id>
		<type>dark pits</type>
		<name>ceilingmaligned</name>
		<coords>18,6</coords>
	</site>
	<site>
		<id>38</id>
		<type>hillocks</type>
		<name>simplewhip</name>
		<coords>7,10</coords>
	</site>
	<site>
		<id>39</id>
		<type>town</type>
		<name>tuglovely</name>
		<coords>19,19</coords>
		<structures>
		</structures>
	</site>
	<site>
		<id>40</id>
		<type>town</type>
		<name>daubedvises</name>
		<coords>12,5</coords>
		<structures>
		</structures>
	</site>
	<site>
		<id>41</id>
		<type>forest retreat</type>
		<name>buddedarch</name>
		<coords>27,20</coords>
	</site>
	<site>
		<id>42</id>
		<type>forest retreat</type>
		<name>stilldrank</name>
		<coords>26,15</coords>
	</site>
	<site>
		<id>43</id>
		<type>hamlet</type>
		<name>scaldedunited</name>
		<coords>21,23</coords>
		<structures>
		</structures>
	</site>
	<site>
		<id>44</id>
		<type>hillocks</type>
		<name>goldcurl</name>
		<coords>6,18</coords>
	</site>
	<site>
		<id>45</id>
		<type>fortress</type>
		<name>allymerchants</name>
		<coords>7,14</coords>
		<structures>
		</structures>
	</site>
	<site>
		<id>46</id>
		<type>hamlet</type>
		<name>blazebush</name>
		<coords>13,6</coords>
		<structures>
		</structures>
	</site>
	<site>
		<id>47</id>
		<type>hillocks</type>
		<name>oakenoil</name>
		<coords>7,20</coords>
	</site>
	<site>
		<id>48</id>
		<type>forest retreat</type>
		<name>beachstrife</name>
		<coords>25,16</coords>
	</site>
	<site>
		<id>49</id>
		<type>hamlet</type>
		<name>hawksandaled</name>
		<coords>11,7</coords>
		<structures>
		</structures>
	</site>
	<site>
		<id>50</id>
		<type>hamlet</type>
		<name>lacemerged</name>
		<coords>21,25</coords>
		<structures>
		</structures>
	</site>
	<site>
		<id>51</id>
		<type>forest retreat</type>
		<name>spellshore</name>
		<coords>27,23</coords>
	</site>
	<site>
		<id>52</id>
		<type>town</type>
		<name>reliefseers</name>
		<coords>20,27</coords>
		<structures>
		</structures>
	</site>
	<site>
		<id>53</id>
		<type>dark pits</type>
		<name>pearlscorpions</name>
		<coords>21,8</coords>
	</site>
	<site>
		<id>54</id>
		<type>tomb</type>
		<name>graniteshocked</name>
		<coords>19,26</coords>
		<structures>
		</structures>
	</site>
	<site>
		<id>55</id>
		<type>hamlet</type>
		<name>buddedcertain</name>
		<coords>10,3</coords>
		<structures>
		</structures>
	</site>
	<site>
		<id>56</id>
		<type>forest retreat</type>
		<name>spireforests</name>
		<coords>21,17</coords>
	</site>
	<site>
		<id>57</id>
		<type>forest retreat</type>
		<name>phrasesnarls</name>
		<coords>25,15</coords>
	</site>
	<site>
		<id>58</id>
		<type>forest retreat</type>
		<name>snakesmoistness</name>
		<coords>25,19</coords>
	</site>
	<site>
		<id>59</id>
		<type>dark pits</type>
		<name>malignedspatter</name>
		<coords>15,7</coords>
	</site>
	<site>
		<id>60</id>
		<type>dark pits</type>
		<name>sinfulmaligned</name>
		<coords>22,10</coords>
	</site>
	<site>
		<id>61</id>
		<type>hillocks</type>
		<name>ponderringed</name>
		<coords>6,14</coords>
	</site>
	<site>
		<id>62</id>
		<type>hillocks</type>
		<name>brimcanyon</name>
		<coords>6,15</coords>
	</site>
	<site>
		<id>63</id>
		<type>forest retreat</type>
		<name>mothsatins</name>
		<coords>26,16</coords>
	</site>
	<site>
		<id>64</id>
		<type>dark pits</type>
		<name>jawhell</name>
		<coords>12,17</coords>
	</site>
	<site>
		<id>65</id>
		<type>camp</type>
		<name>cruelodors</name>
		<coords>19,7</coords>
	</site>
	<site>
		<id>66</id>
		<type>camp</type>
		<name>spinesjokes</name>
		<coords>25,25</coords>
	</site>
	<site>
		<id>67</id>
		<type>camp</type>
		<name>whimsblossoms</name>
		<coords>28,20</coords>
	</site>
	<site>
		<id>68</id>
		<type>camp</type>
		<name>glikis</name>
		<coords>29,22</coords>
	</site>
	<site>
		<id>69</id>
		<type>camp</type>
		<name>ripefishes</name>
		<coords>21,26</coords>
	</site>
	<site>
		<id>70</id>
		<type>camp</type>
		<name>jrukusulbin</name>
		<coords>23,30</coords>
	</site>
	<site>
		<id>71</id>
		<type>camp</type>
		<name>latheredcurled</name>
		<coords>15,10</coords>
	</site>
	<site>
		<id>72</id>
		<type>camp</type>
		<name>leadstreams</name>
		<coords>26,23</coords>
	</site>
	<site>
		<id>73</id>
		<type>camp</type>
		<name>rumoredcages</name>
		<coords>23,20</coords>
	</site>
	<site>
		<id>74</id>
		<type>camp</type>
		<name>blockednation</name>
		<coords>24,26</coords>
	</site>
	<site>
		<id>75</id>
		<type>camp</type>
		<name>rocksprinkle</name>
		<coords>25,8</coords>
	</site>
	<site>
		<id>76</id>
		<type>camp</type>
		<name>birdspires</name>
		<coords>21,14</coords>
	</site>
	<site>
		<id>77</id>
		<type>camp</type>
		<name>claspthieves</name>
		<coords>17,4</coords>
	</site>
	<site>
		<id>78</id>
		<type>camp</type>
		<name>dancehexes</name>
		<coords>19,5</coords>
	</site>
	<site>
		<id>79</id>
		<type>camp</type>
		<name>tongssaves</name>
		<coords>17,9</coords>
	</site>
	<site>
		<id>80</id>
		<type>camp</type>
		<name>onioncalls</name>
		<coords>22,25</coords>
	</site>
	<site>
		<id>81</id>
		<type>camp</type>
		<name>chifibikoger</name>
		<coords>8,2</coords>
	</site>
	<site>
		<id>82</id>
		<type>camp</type>
		<name>woundlures</name>
		<coords>9,5</coords>
	</site>
	<site>
		<id>83</id>
		<type>camp</type>
		<name>fagabeedis</name>
		<coords>11,10</coords>
	</site>
	<site>
		<id>84</id>
		<type>camp</type>
		<name>bralgis</name>
		<coords>1,12</coords>
	</site>
	<site>
		<id>85</id>
		<type>camp</type>
		<name>curselesion</name>
		<coords>5,6</coords>
	</site>
	<site>
		<id>86</id>
		<type>camp</type>
		<name>horsebridges</name>
		<coords>10,8</coords>
	</site>
	<site>
		<id>87</id>
		<type>lair</type>
		<name>murkytunneled</name>
		<coords>9,8</coords>
	</site>
	<site>
		<id>88</id>
		<type>lair</type>
		<name>stabbedechoes</name>
		<coords>16,17</coords>
	</site>
	<site>
		<id>89</id>
		<type>lair</type>
		<name>the shadows of entrancing</name>
		<coords>14,16</coords>
	</site>
	<site>
		<id>90</id>
		<type>lair</type>
		<name>bonesshadow the murky burial</name>
		<coords>17,19</coords>
	</site>
	<site>
		<id>91</id>
		<type>lair</type>
		<name>soldierholes</name>
		<coords>26,10</coords>
	</site>
	<site>
		<id>92</id>
		<type>lair</type>
		<name>baitshadows</name>
		<coords>15,16</coords>
	</site>
	<site>
		<id>93</id>
		<type>lair</type>
		<name>bridgeddark the umbra of poisons</name>
		<coords>29,14</coords>
	</site>
	<site>
		<id>94</id>
		<type>lair</type>
		<name>the faint dusk</name>
		<coords>24,13</coords>
	</site>
	<site>
		<id>95</id>
		<type>lair</type>
		<name>the sienna deeps</name>
		<coords>26,10</coords>
	</site>
	<site>
		<id>96</id>
		<type>lair</type>
		<name>helmshafts</name>
		<coords>15,12</coords>
	</site>
	<site>
		<id>97</id>
		<type>lair</type>
		<name>geniusmine</name>
		<coords>18,15</coords>
	</site>
	<site>
		<id>98</id>
		<type>lair</type>
		<name>the gutter of moons</name>
		<coords>17,13</coords>
	</site>
	<site>
		<id>99</id>
		<type>lair</type>
		<name>sunhollow</name>
		<coords>29,21</coords>
	</site>
	<site>
		<id>100</id>
		<type>lair</type>
		<name>the everlasting cave</name>
		<coords>8,9</coords>
	</site>
	<site>
		<id>101</id>
		<type>lair</type>
		<name>the absolute cavern</name>
		<coords>16,11</coords>
	</site>
	<site>
		<id>102</id>
		<type>lair</type>
		<name>goreshadow the sewer of growth</name>
		<coords>22,28</coords>
	</site>
	<site>
		<id>103</id>
		<type>lair</type>
		<name>the romantic umbra</name>
		<coords>16,9</coords>
	</site>
	<site>
		<id>104</id>
		<type>lair</type>
		<name>the cavern of hating</name>
		<coords>4,29</coords>
	</site>
	<site>
		<id>105</id>
		<type>lair</type>
		<name>chaosnight</name>
		<coords>17,16</coords>
	</site>
	<site>
		<id>106</id>
		<type>lair</type>
		<name>tunnelash</name>
		<coords>12,6</coords>
	</site>
	<site>
		<id>107</id>
		<type>lair</type>
		<name>the silty gloom</name>
		<coords>4,29</coords>
	</site>
	<site>
		<id>108</id>
		<type>lair</type>
		<name>shadefates</name>
		<coords>15,5</coords>
	</site>
	<site>
		<id>109</id>
		<type>lair</type>
		<name>ghostcaverns</name>
		<coords>17,10</coords>
	</site>
	<site>
		<id>110</id>
		<type>lair</type>
		<name>gravebury</name>
		<coords>6,4</coords>
	</site>
	<site>
		<id>111</id>
		<type>lair</type>
		<name>tombstunnels the ghost of nights</name>
		<coords>27,28</coords>
	</site>
	<site>
		<id>112</id>
		<type>lair</type>
		<name>phantomdied</name>
		<coords>9,3</coords>
	</site>
	<site>
		<id>113</id>
		<type>lair</type>
		<name>fatalurns the tomb of crypts</name>
		<coords>29,29</coords>
	</site>
	<site>
		<id>114</id>
		<type>lair</type>
		<name>fataltombs</name>
		<coords>4,28</coords>
	</site>
	<site>
		<id>115</id>
		<type>lair</type>
		<name>ashensable</name>
		<coords>26,13</coords>
	</site>
	<site>
		<id>116</id>
		<type>lair</type>
		<name>necromurk the faint tomb</name>
		<coords>10,3</coords>
	</site>
	<site>
		<id>117</id>
		<type>lair</type>
		<name>tunnelburies</name>
		<coords>5,28</coords>
	</site>
	<site>
		<id>118</id>
		<type>lair</type>
		<name>diemurk the shadow of night</name>
		<coords>2,15</coords>
	</site>
	<site>
		<id>119</id>
		<type>lair</type>
		<name>the dead oblivion</name>
		<coords>18,15</coords>
	</site>
	<site>
		<id>120</id>
		<type>shrine</type>
		<name>glensubmerges the rainy nature</name>
		<coords>24,1</coords>
	</site>
	<site>
		<id>121</id>
		<type>lair</type>
		<name>sealsculpted</name>
		<coords>15,11</coords>
	</site>
</sites>
<world_constructions>
</world_constructions>
</df_world>